Item,Location,Quantity,Primary Category
Double-headed Microbrush Cotton Swab 7cm - 100pcs,Shelf 1 rack A,100,KK PLUS - FASHION & BEAUTY
Alloy Gap Brush 23cm - Black,Shelf 1 rack B,1000,KK PLUS - HOME & LIVING
Colourful Single Hooks Hanger - Yellow,Shelf 1 rack C,30,KK PLUS - HOME & LIVING
Colourful Single Hooks Hanger - White,Shelf 1 rack D,30,KK PLUS - HOME & LIVING
Colourful Single Hooks Hanger - Dark Blue,Shelf 1 rack A,30,KK PLUS - HOME & LIVING
Colourful Single Hooks Hanger - Pink,Shelf 1 rack B,30,KK PLUS - HOME & LIVING
Colourful Single Hooks Hanger - Black,Shelf 1 rack C,30,KK PLUS - HOME & LIVING
Rotatable 3 Hooks Hanger - Pink,Shelf 1 rack D,100,KK PLUS - HOME & LIVING
Rotatable 3 Hooks Hanger - Beige,Shelf 1 rack A,100,KK PLUS - HOME & LIVING
Rotatable 3 Hooks Hanger - Blue,Shelf 1 rack A,100,KK PLUS - HOME & LIVING
Rotatable 3 Hooks Hanger - Grey,Shelf 1 rack B,100,KK PLUS - HOME & LIVING
Rotatable 3 Hooks Hanger - Green,Shelf 1 rack C,100,KK PLUS - HOME & LIVING
Outdoor Camping Automatic Tent Big - Green (自动大帐篷绿色大),Shelf 1 rack D,1,No Category
Wall Mounted Octopus Hook - Cream White,Shelf 1 rack A,50,KK PLUS - HOME & LIVING
Wall Mounted Octopus Hook - Black Grey,Shelf 1 rack B,97,KK PLUS - HOME & LIVING
MIA GRETA Lengthening and Curl Mascara Sachet #01 Tentacle Black 2ml,Shelf 1 rack C,59,KK PLUS - FASHION & BEAUTY
MIA FLORA Matte Lip Colour Sachet #327 Hibiscus 2ml,Shelf 1 rack D,55,KK PLUS - FASHION & BEAUTY
MIA FLORA Matte Lip Colour Sachet #009 Tulip 2ml,Shelf 1 rack A,57,KK PLUS - FASHION & BEAUTY
MIA FLORA Matte Lip Colour Sachet #254 Peony 2ml,Shelf 1 rack A,53,KK PLUS - FASHION & BEAUTY
MIA FLORA Matte Lip Colour Sachet #021Sakura 2ml,Shelf 1 rack B,53,KK PLUS - FASHION & BEAUTY
MIA FLORA Matte Lip Colour Sachet #050 Rose 2ml,Shelf 1 rack C,56,KK PLUS - FASHION & BEAUTY
MIA FLORA Matte Lip Colour Sachet #034 Daisy 2ml,Shelf 1 rack D,55,KK PLUS - FASHION & BEAUTY
MIA FLORA Matte Lip Colour Sachet #007 Camelia 2ml,Shelf 1 rack A,56,KK PLUS - FASHION & BEAUTY
[CARTON] Ping Pong Cream Cracker 428g,Shelf 1 rack B,0,No Category
[CARTON] Karta Coconut Water 330ml x 24's,Shelf 1 rack C,0,KKMART.MY - BEVERAGES
Cigarette Hard Box - Red Trump,Shelf 1 rack D,10,KK PLUS - GIFT
Cigarette Hard Box - Black Trump,Shelf 1 rack A,10,KK PLUS - GIFT
Cigarette Hard Box - Gold MZD,Shelf 1 rack A,10,KK PLUS - GIFT
Cigarette Hard Box - Red MZD,Shelf 1 rack B,10,KK PLUS - GIFT
Cigarette Hard Box - Black MZD,Shelf 1 rack C,10,KK PLUS - GIFT
Mini Handheld Mop Replacement Head,Shelf 1 rack D,99,KK PLUS - HOME & LIVING
Mini Handheld Mop,Shelf 1 rack A,95,KK PLUS - HOME & LIVING
Heat Resistant Splash Proof Cover - Tall,Shelf 1 rack B,42,KK PLUS - KITCHEN & DINING
Heat Resistant Splash Proof Cover - Short,Shelf 1 rack C,56,KK PLUS - KITCHEN & DINING
Portable Tube Mini Paper Soap - Emoji,Shelf 1 rack D,192,KK PLUS - HOME & LIVING
Portable Tube Mini Paper Soap - Animal,Shelf 1 rack A,192,KK PLUS - HOME & LIVING
Portable Tube Mini Paper Soap - Fruit,Shelf 1 rack A,192,KK PLUS - HOME & LIVING
Mini Pot Brush Green,Shelf 1 rack B,50,KK PLUS - KITCHEN & DINING
Mini Pot Brush Grey,Shelf 1 rack C,46,KK PLUS - KITCHEN & DINING
[CARTON] Panadol Extend 48's,Shelf 1 rack D,0,KKMART.MY - PERSONAL CARE & BABY
[CARTON] Maggi Mee Curry 79g x 5s (5 in 1) 12's,Shelf 1 rack A,0,KKMART.MY - FOOD
Tudung - Inner Snowcap,Shelf 1 rack B,3,KK PLUS - FASHION & BEAUTY
Tudung - Shawl Chiffon,Shelf 1 rack C,8,KK PLUS - FASHION & BEAUTY
Tudung - Shawl Cotton Jersey,Shelf 1 rack D,7,KK PLUS - FASHION & BEAUTY
Tudung - Bawal Plain BD45,Shelf 1 rack A,6,KK PLUS - FASHION & BEAUTY
Bluetooth Earphones ANC Pro2 - White,Shelf 1 rack A,2,KK PLUS - GADGETS
Bluetooth Earphones ANC Pro2 - Black,Shelf 1 rack B,2,KK PLUS - GADGETS
Magnetic Wallet - Dark Blue,Shelf 1 rack C,1,KK PLUS - GADGETS
Magnetic Wallet - Black,Shelf 1 rack D,0,KK PLUS - GADGETS
Magnetic Wallet - Purple Pink,Shelf 1 rack A,0,KK PLUS - GADGETS
Magnetic Wallet - Brown,Shelf 1 rack B,2,KK PLUS - GADGETS
Headphones P9 - Pink,Shelf 1 rack C,0,KK PLUS - GADGETS
Headphones P9 - White,Shelf 1 rack D,0,KK PLUS - GADGETS
Headphones P9 - Black,Shelf 1 rack A,0,KK PLUS - GADGETS
Electrical Handheld Fan - White,Shelf 1 rack A,0,KK PLUS - GADGETS
Electrical Handheld Fan - Black,Shelf 1 rack B,0,KK PLUS - GADGETS
Bluetooth Earbuds M10,Shelf 1 rack C,4,KK PLUS - GADGETS
Rain Coat Pink KK Plus,Shelf 1 rack D,0,KK PLUS - OUTDOOR & SPORT
Foldable Storage Box Wood Top - BlackBlue (梦想派整理箱黑蓝色),Shelf 1 rack A,0,KK PLUS - HOME & LIVING
Tea Filter Water Bottle - Stainless Steel 350ml,Shelf 1 rack B,93,KK PLUS - HOME & LIVING
Summer Cooling Patch 2pcs in 1 Pack,Shelf 1 rack C,400,KK PLUS - HOME & LIVING
Foldable Hanging Trash Can 11L - Grey White,Shelf 1 rack D,26,KK PLUS - KITCHEN & DINING
Foldable Hanging Trash Can 11L - Cream White,Shelf 1 rack A,0,KK PLUS - KITCHEN & DINING
Foldable Hanging Trash Can 6L - Grey White,Shelf 1 rack A,31,KK PLUS - KITCHEN & DINING
Foldable Hanging Trash Can 6L - Cream White,Shelf 1 rack B,22,KK PLUS - KITCHEN & DINING
Wall Mounted Hook 7,Shelf 1 rack C,55,KK PLUS - HOME & LIVING
Wall Mounted Hook 6,Shelf 1 rack D,54,KK PLUS - HOME & LIVING
Wall Mounted Hook 5,Shelf 1 rack A,61,KK PLUS - HOME & LIVING
Wall Mounted Hook 4,Shelf 1 rack B,27,KK PLUS - HOME & LIVING
Wall Mounted Hook 3,Shelf 1 rack C,61,KK PLUS - HOME & LIVING
French Fries Sealing Clip with Magnet,Shelf 1 rack D,121,KK PLUS - KITCHEN & DINING
Kitchen Towel Hanger - White,Shelf 1 rack A,32,KK PLUS - KITCHEN & DINING
Kitchen Towel Hanger - Black,Shelf 1 rack A,84,KK PLUS - KITCHEN & DINING
Traceless Iron Hook - White,Shelf 1 rack B,2,KK PLUS - KITCHEN & DINING
Traceless Iron Hook - Black,Shelf 1 rack C,0,KK PLUS - KITCHEN & DINING
Transparent Measuring Spoon - Orange,Shelf 1 rack D,69,KK PLUS - KITCHEN & DINING
Transparent Measuring Spoon - Light Blue,Shelf 1 rack A,74,KK PLUS - KITCHEN & DINING
Transparent Measuring Spoon - White,Shelf 1 rack B,32,KK PLUS - KITCHEN & DINING
Transparent Measuring Spoon - Dark Blue,Shelf 1 rack C,63,KK PLUS - KITCHEN & DINING
PE Cling Film 30x30,Shelf 1 rack D,195,KK PLUS - KITCHEN & DINING
PE Cling Film Cutter Magnet - Blue,Shelf 1 rack A,16,KK PLUS - KITCHEN & DINING
PE Cling Film Cutter Magnet - Black,Shelf 1 rack A,14,KK PLUS - KITCHEN & DINING
PE Cling Film Cutter Magnet - Yellow,Shelf 1 rack B,0,KK PLUS - KITCHEN & DINING
PE Cling Film Cutter Normal - Blue,Shelf 1 rack C,0,KK PLUS - KITCHEN & DINING
PE Cling Film Cutter Normal - Black,Shelf 1 rack D,28,KK PLUS - KITCHEN & DINING
PE Cling Film Cutter Normal - Yellow,Shelf 1 rack A,0,KK PLUS - KITCHEN & DINING
Multifunction Vege Shredder Slicer Dicer 5 Knife + Storage Box,Shelf 1 rack B,25,KK PLUS - KITCHEN & DINING
Multifunction Vege Shredder Slicer Dicer 3 Knife,Shelf 1 rack C,43,KK PLUS - KITCHEN & DINING
Adjustable SS Vege Drain Basket Large - Black,Shelf 1 rack D,0,KK PLUS - KITCHEN & DINING
Adjustable SS Vege Drain Basket Large - Grey,Shelf 1 rack A,0,KK PLUS - KITCHEN & DINING
Adjustable SS Vege Drain Basket Small - Grey,Shelf 1 rack A,25,KK PLUS - KITCHEN & DINING
Adjustable PP Vege Drain Basket - Grey,Shelf 1 rack B,0,KK PLUS - KITCHEN & DINING
Adjustable PP Vege Drain Basket - White,Shelf 1 rack C,1,KK PLUS - KITCHEN & DINING
Pull Up Rings,Shelf 1 rack D,8,KK PLUS - FITNESS & SPORT
Pull Up Bar C - 120-148cm,Shelf 1 rack A,9,KK PLUS - FITNESS & SPORT
Pull Up Bar B - 92-125cm,Shelf 1 rack B,9,KK PLUS - FITNESS & SPORT
Pull Up Bar A - 74-98cm,Shelf 1 rack C,7,KK PLUS - FITNESS & SPORT
Multifunction Fitness Tension Rope only,Shelf 1 rack D,32,KK PLUS - FITNESS & SPORT
Multifunction Fitness Training Tension Rope (11 in 1),Shelf 1 rack A,49,KK PLUS - FITNESS & SPORT
Aerial Yoga Swing Hammock - Green,Shelf 1 rack A,18,KK PLUS - FITNESS & SPORT
Aerial Yoga Swing Hammock - Purple,Shelf 1 rack B,17,KK PLUS - FITNESS & SPORT
Aerial Yoga Swing Hammock - Pink,Shelf 1 rack C,17,KK PLUS - FITNESS & SPORT
Fitness Elastic Band Belt - Pink,Shelf 1 rack D,39,KK PLUS - FITNESS & SPORT
Fitness Elastic Band Belt - Purple,Shelf 1 rack A,39,KK PLUS - FITNESS & SPORT
Fitness Elastic Band Belt - Blue,Shelf 1 rack B,40,KK PLUS - FITNESS & SPORT
Pilates Sliding Plate - Blue,Shelf 1 rack C,10,KK PLUS - FITNESS & SPORT
Pilates Sliding Plate - Black,Shelf 1 rack D,10,KK PLUS - FITNESS & SPORT
Pilates Sliding Plate - Yellow,Shelf 1 rack A,14,KK PLUS - FITNESS & SPORT
Pilates Sliding Plate - Pink,Shelf 1 rack A,7,KK PLUS - FITNESS & SPORT
Pilates Sliding Plate - Green,Shelf 1 rack B,8,KK PLUS - FITNESS & SPORT
Pilates Sliding Plate - Purple,Shelf 1 rack C,9,KK PLUS - FITNESS & SPORT
Kitchen Anti Scalding Clip - Handle,Shelf 1 rack D,21,KK PLUS - KITCHEN & DINING
Kitchen Anti Scalding Clip - Bowl,Shelf 1 rack A,0,KK PLUS - KITCHEN & DINING
Kitchen Anti Scalding Clip - Plate,Shelf 1 rack B,7,KK PLUS - KITCHEN & DINING
Laundry Bag Large - 60x50cm,Shelf 1 rack C,87,KK PLUS - HOME & LIVING
Laundry Bag Medium - 50x40cm,Shelf 1 rack D,96,KK PLUS - HOME & LIVING
Laundry Bag Small - 35x25cm,Shelf 1 rack A,104,KK PLUS - HOME & LIVING
Mini Parcel Cutter Knife - Rabbit,Shelf 1 rack A,50,KK PLUS - OFFICE ACCESSORIES
Mini Parcel Cutter Knife - Bear,Shelf 1 rack B,48,KK PLUS - OFFICE ACCESSORIES
Mini Parcel Cutter Knife - Brown Egg,Shelf 1 rack C,55,KK PLUS - OFFICE ACCESSORIES
Mini Parcel Cutter Knife - Yellow Egg,Shelf 1 rack D,38,KK PLUS - OFFICE ACCESSORIES
Travel Refill Bottle 4x60ml - Orange,Shelf 1 rack A,27,KK PLUS - HOME & LIVING
Travel Refill Bottle 4x60ml - Purple,Shelf 1 rack B,4,KK PLUS - HOME & LIVING
Steel Wire Cleaning Cloth 3 Layer 20x20cm 3 in 1 Set,Shelf 1 rack C,0,KK PLUS - KITCHEN & DINING
Steel Wire Cleaning Cloth 1 Layer 20x20cm 3 in 1 Set,Shelf 1 rack D,253,KK PLUS - KITCHEN & DINING
Storage Trolley 4 Layer Big - Black,Shelf 1 rack A,11,KK PLUS - HOME & LIVING
Storage Trolley 4 Layer Big - White,Shelf 1 rack A,11,KK PLUS - HOME & LIVING
Storage Trolley 4 Layer Small - Black,Shelf 1 rack B,20,KK PLUS - HOME & LIVING
Storage Trolley 4 Layer Small - White,Shelf 1 rack C,19,KK PLUS - HOME & LIVING
Storage Trolley 3 Layer Big - Black,Shelf 1 rack D,20,KK PLUS - HOME & LIVING
Storage Trolley 3 Layer Big - White,Shelf 1 rack A,17,KK PLUS - HOME & LIVING
Storage Trolley 3 Layer Small - Black,Shelf 1 rack B,19,KK PLUS - HOME & LIVING
Storage Trolley 3 Layer Small - White,Shelf 1 rack C,18,KK PLUS - HOME & LIVING
Face Cleaning Wipes - Green Tea 10pcs,Shelf 1 rack D,960,KK PLUS - HOME & LIVING
Face Cleaning Wipes - Cooling 10pcs,Shelf 1 rack A,1540,KK PLUS - HOME & LIVING
Kitchen Anti Clogging Sink Filter C - 100pcs,Shelf 1 rack A,341,KK PLUS - KITCHEN & DINING
Kitchen Anti Clogging Sink Filter B - 50pcs,Shelf 1 rack B,106,KK PLUS - KITCHEN & DINING
Kitchen Anti Clogging Sink Filter A - 10pcs,Shelf 1 rack C,177,KK PLUS - KITCHEN & DINING
Nordic Style Plastic Vase - E,Shelf 1 rack D,20,KK PLUS - HOME & LIVING
Nordic Style Plastic Vase - D,Shelf 1 rack A,20,KK PLUS - HOME & LIVING
Nordic Style Plastic Vase - C,Shelf 1 rack B,20,KK PLUS - HOME & LIVING
Nordic Style Plastic Vase - B,Shelf 1 rack C,20,KK PLUS - HOME & LIVING
Nordic Style Plastic Vase - A,Shelf 1 rack D,20,KK PLUS - HOME & LIVING
Drawstring Garbage Bag Kitchen - 45pcs,Shelf 1 rack A,71,KK PLUS - KITCHEN & DINING
Drawstring Garbage Bag Living Bear - 72pcs,Shelf 1 rack A,71,KK PLUS - KITCHEN & DINING
Drawstring Garbage Bag Living Rabbit - 60pcs,Shelf 1 rack B,66,KK PLUS - KITCHEN & DINING
Drawstring Garbage Bag Living Kitty - 60pcs,Shelf 1 rack C,73,KK PLUS - KITCHEN & DINING
Drawstring Garbage Bag Toilet Rabbit - 60pcs,Shelf 1 rack D,42,KK PLUS - KITCHEN & DINING
Drawstring Garbage Bag Toilet Rabbit - 15pcs,Shelf 1 rack A,70,KK PLUS - KITCHEN & DINING
Toothbrush Rack - Brown,Shelf 1 rack B,48,KK PLUS - BATH & TOILET
Toothbrush Rack - Beige White,Shelf 1 rack C,45,KK PLUS - BATH & TOILET
[CARTON] Chi Forest Lychee Feezy 480ml x 15's,Shelf 1 rack D,5,KKMART.MY - BEVERAGES
[CARTON] Alienergy Electrolyte Water White Peach 500ml x 15's,Shelf 1 rack A,2,KKMART.MY - BEVERAGES
[CARTON] Alienergy Electrolyte Water Lychee & Sea Salt 500ml x 15's,Shelf 1 rack A,2,KKMART.MY - BEVERAGES
[CARTON] Alienergy Electrolyte Water Lime 500ml x 15's,Shelf 1 rack B,2,KKMART.MY - BEVERAGES
[CARTON] F&N 100Plus Original 1.5L,Shelf 1 rack C,2,KKMART.MY - BEVERAGES
[CARTON] Sprite 1.25L,Shelf 1 rack D,0,KKMART.MY - BEVERAGES
Kotex Natural Care Overnight Wing Anti-Bacteria 32cm x 12's,Shelf 1 rack A,8,KKMART.MY - PERSONAL CARE & BABY
Kotex Panty Liners Longer & Wider Scented Daun Sirih  30's x 2,Shelf 1 rack B,5,KKMART.MY - PERSONAL CARE & BABY
Kotex Herbal Cool Liners Longer & Wider Unscented (24'S x 3Packs),Shelf 1 rack C,0,KKMART.MY - PERSONAL CARE & BABY
Kotex Herbal Cool Liners Regular Unscented (26'S x 3 Packs),Shelf 1 rack D,2,KKMART.MY - PERSONAL CARE & BABY
Kotex Liners Longer & Wider Scented Daun Sirih (30'S x 3 Packs),Shelf 1 rack A,0,KKMART.MY - PERSONAL CARE & BABY
Kotex Liners Regular Scented Daun Sirih (32'S x 3 Packs),Shelf 1 rack A,0,KKMART.MY - PERSONAL CARE & BABY
Kotex Liners Longer & Wider Unscented (30'S x 3 Packs),Shelf 1 rack B,0,KKMART.MY - PERSONAL CARE & BABY
Kotex Liners Regular Unscented (32'S x 3 Packs),Shelf 1 rack C,0,KKMART.MY - PERSONAL CARE & BABY
Kotex Overnight Panties L-XL Size 2'S,Shelf 1 rack D,0,KKMART.MY - PERSONAL CARE & BABY
Kotex Overnight Panties M-L Size 2'S,Shelf 1 rack A,0,KKMART.MY - PERSONAL CARE & BABY
Kotex Overnight Panties S-M Size 2'S,Shelf 1 rack B,0,KKMART.MY - PERSONAL CARE & BABY
Kotex Natural Care Overnight Wing Anti-Bacteria 32CM (12'S x 3 Packs),Shelf 1 rack C,0,KKMART.MY - PERSONAL CARE & BABY
Kotex Natural Care Maxi Wing Anti-Bacteria 24CM (16'S x 3 Packs),Shelf 1 rack D,2,KKMART.MY - PERSONAL CARE & BABY
Kotex Natural Care Maxi Non Wing Anti-Bacteria 24CM (20'S x 3 Packs),Shelf 1 rack A,15,KKMART.MY - PERSONAL CARE & BABY
Kotex Herbal Cool Overnight Wing 32CM (10'S x 3 Packs),Shelf 1 rack A,0,KKMART.MY - PERSONAL CARE & BABY
Kotex Herbal Cool Maxi Wing 24 CM (14'S x 3 Packs),Shelf 1 rack B,0,KKMART.MY - PERSONAL CARE & BABY
Kotex Herbal Cool Maxi Non Wing 24CM (16'S x 3 Packs),Shelf 1 rack C,15,KKMART.MY - PERSONAL CARE & BABY
Kotex Proactive Guard Overnight Wing 41CM 12'S,Shelf 1 rack D,4,KKMART.MY - PERSONAL CARE & BABY
Kotex Proactive Guard Overnight Wing 35CM 14'S,Shelf 1 rack A,4,KKMART.MY - PERSONAL CARE & BABY
Kotex Proactive Guard Overnight Wing 32CM 24'S,Shelf 1 rack B,0,KKMART.MY - PERSONAL CARE & BABY
Kotex Proactive Guard Overnight Wing 28CM 28'S,Shelf 1 rack C,0,KKMART.MY - PERSONAL CARE & BABY
Kotex Soft & Smooth Overnight Wing 32CM (12'S x 3 Packs),Shelf 1 rack D,0,KKMART.MY - PERSONAL CARE & BABY
Kotex Soft & Smooth Overnight Wing 28CM (14'S x 2 Packs),Shelf 1 rack A,0,KKMART.MY - PERSONAL CARE & BABY
Kotex Soft & Smooth Maxi Wing 24 CM (16'S x 3 Packs),Shelf 1 rack A,0,KKMART.MY - PERSONAL CARE & BABY
Kotex Soft & Smooth Maxi Non Wing 24CM (20'S x 3 Packs),Shelf 1 rack B,0,KKMART.MY - PERSONAL CARE & BABY
Spectables Vibration Cleaner - Yellow,Shelf 1 rack C,8,No Category
Spectables Vibration Cleaner - White,Shelf 1 rack D,8,No Category
Spectables Vibration Cleaner - Orange,Shelf 1 rack A,8,No Category
TikTok Earpods Free Gift,Shelf 1 rack B,0,No Category
TikTok Sunglasses Free Gift,Shelf 1 rack C,12,No Category
Maco Buy 2 Box Free 10 Pcs,Shelf 1 rack D,0,No Category
Anti-Fogging Glasses Wipes Cloth (100pcs in 1 Pack),Shelf 1 rack A,0,KK PLUS - HOME & LIVING
[CARTON] HIMALAYA SALT SPORTS CANDY LEMON 12*15G,Shelf 1 rack A,2,KKMART.MY - FOOD
HIMALAYA SALT SPORTS CANDY LEMON 12*15G,Shelf 1 rack B,11,KKMART.MY - FOOD
[CARTON] DESA NATURAL MINERAL WATER 24*500ML,Shelf 1 rack C,7,KKMART.MY - BEVERAGES
DESA NATURAL MINERAL WATER 24*500ML,Shelf 1 rack D,0,KKMART.MY - BEVERAGES
[CARTON] MR MUSCLE/DUCK BATHROOM FLORAL 12*900ML,Shelf 1 rack A,0,KKMART.MY - CLEANING
MR MUSCLE/DUCK BATHROOM FLORAL 900ML,Shelf 1 rack B,10,KKMART.MY - CLEANING
[CARTON] DASHING FOR MEN ROLL ON COOL 12*50ML,Shelf 1 rack C,0,KKMART.MY - PERSONAL CARE & BABY
DASHING FOR MEN ROLL ON COOL 12*50ML,Shelf 1 rack D,12,KKMART.MY - PERSONAL CARE & BABY
[CARTON] NIVEA FRESH ACTIVE ROLL ON (MEN) 6*50ML,Shelf 1 rack A,0,KKMART.MY - PERSONAL CARE & BABY
NIVEA FRESH ACTIVE ROLL ON (MEN) 6*50ML,Shelf 1 rack A,6,KKMART.MY - PERSONAL CARE & BABY
,,,
,,,
,,,
,,,
,,,
,,,
,,,
,,,
,,,
,,,
,,,
,,,
,,,
,,,
,,,
,,,
,,,
,,,
,,,
,,,
,,,
,,,
,,,
,,,
,,,
,,,
,,,
,,,
,,,
,,,
,,,
,,,
,,,
,,,
,,,
,,,
,,,
,,,
,,,
,,,
,,,
,,,
,,,
,,,
,,,
,,,
,,,
,,,
,,,
,,,
,,,
,,,
,,,
,,,
,,,
,,,
,,,
,,,
,,,
,,,
,,,
,,,
,,,
,,,
,,,
,,,
,,,
,,,
,,,
,,,
,,,
,,,
,,,
,,,
,,,
,,,
,,,
,,,
,,,
,,,
,,,
,,,
,,,
,,,
,,,
,,,
,,,